1,1,Perception
1,2,Connection
1,3,Reflection
3,1,Set I
3,2,Set II
3,3,Set III
4,1,Set I
4,2,Set II
4,3,Set III
12,1,1.1 - Introduction
12,2,1.2 - Future Self
12,3,1.3 - Past Self
12,4,2.1 - Authenticity
12,5,2.2 - End Goals
12,6,2.3 - Behaviours
12,7,2.4 - Status
12,8,2.5 - Reflections
12,9,3.1 - Trauma
12,10,3.2 - Trauma Shaping
12,11,3.4 - Relationships
12,12,4.1 - Narratives
12,13,4.2 - Introspection
12,14,4.3 - Moving Forward
12,15,4.4 - Who are you?
12,16,4.5 - Current Future
12,17,4.6 - Your Story
12,18,4.7 - Three Years from Now
12,19,5.1 - Imagine
12,20,5.2 - Renew
12,21,5.3 - Triggers
12,22,5.4 - Strategic Ignorance
12,23,5.5 - Situations
12,24,6.1 - Finale
13,1,Emotional Awareness
13,2,Self-Assessment
13,3,Self-Confidence
14,1,Past
14,2,Present
14,3,Future
14,4,Growth
14,5,Well-Being
14,6,Relationships
14,7,Goals
